{
  "task_id": "m-001",
  "model": "gpt-4o",
  "timestamp": "2026-01-20T23:50:21.359546",
  "input_files": [
    "input.xlsx"
  ],
  "output_files": [],
  "raw_response": "{\n  \"reasoning_steps\": \"Identified LQA values from Model Shell sheet and applied them to FY2024 in Marine DCF sheet.\",\n  \"k8_value\": 0.09140000000000015,\n  \"l2_value\": 2025.0,\n  \"k17_value\": 511.0437833060001,\n  \"k20_value\": 271.0437833060001,\n  \"e27_value\": 0.04881534842966817\n}",
  "parsed_response": {
    "reasoning_steps": "Identified LQA values from Model Shell sheet and applied them to FY2024 in Marine DCF sheet.",
    "k8_value": 0.09140000000000015,
    "l2_value": 2025.0,
    "k17_value": 511.0437833060001,
    "k20_value": 271.0437833060001,
    "e27_value": 0.04881534842966817
  },
  "stop_reason": "end_turn",
  "usage": {
    "input_tokens": 5527,
    "output_tokens": 1189,
    "latency_ms": 24847.81503677368
  }
}